URL,Last crawled
https://atex.sa/blog/smart-hotel-systems-saudi-arabia,2026-04-28
https://atex.sa/blog/smart-home-system-saudi-arabia-guide,2026-04-28
https://atex.sa/services/أنظمة-الاتصالات/,2025-10-31
https://atex.sa/product/relax-chair/feed/,2025-10-09
https://atex.sa/product/office-chair/feed/,2025-10-09
https://atex.sa/product/long-stool/feed/,2025-10-09
https://atex.sa/product/segun-sofa/feed/,2025-10-09
https://atex.sa/product/sofa-chair/feed/,2025-10-09
https://atex.sa/one-page-home-two/,2025-10-09
https://atex.sa/improving-business-growth-with-new-technology/feed/,2025-10-08
https://atex.sa/header/header-three/,2025-10-08
https://atex.sa/cyber-security/,2025-10-08